20177538,완벽한 타인,https://movie.naver.com/movie/bi/mi/basic.nhn?code=167638,https://ssl.pstatic.net/imgmovie/mdi/mit110/1676/167638_P71_133542.jpg,8.66
20185485,보헤미안 랩소디,https://movie.naver.com/movie/bi/mi/basic.nhn?code=156464,https://ssl.pstatic.net/imgmovie/mdi/mit110/1564/156464_P49_182103.jpg,9.47
20170513,동네사람들,https://movie.naver.com/movie/bi/mi/basic.nhn?code=166610,https://ssl.pstatic.net/imgmovie/mdi/mit110/1666/166610_P58_154049.jpg,5.51
20181171,바울,https://movie.naver.com/movie/bi/mi/basic.nhn?code=173692,https://ssl.pstatic.net/imgmovie/mdi/mit110/1736/173692_P12_102159.jpg,9.17
20174981,창궐,https://movie.naver.com/movie/bi/mi/basic.nhn?code=160487,https://ssl.pstatic.net/imgmovie/mdi/mit110/1604/160487_P48_113750.jpg,5.12
20010291,해리 포터와 마법사의 돌,https://movie.naver.com/movie/bi/mi/basic.nhn?code=30688,https://ssl.pstatic.net/imgmovie/mdi/mit110/0306/30688_P28_142632.jpg,9.23
20179006,여곡성,https://movie.naver.com/movie/bi/mi/basic.nhn?code=171750,https://ssl.pstatic.net/imgmovie/mdi/mit110/1717/171750_P05_173050.jpg,4.31
20181404,벽 속에 숨은 마법시계,https://movie.naver.com/movie/bi/mi/basic.nhn?code=164155,https://ssl.pstatic.net/imgmovie/mdi/mit110/1641/164155_P03_122329.jpg,6.15
20180523,스타 이즈 본,https://movie.naver.com/movie/bi/mi/basic.nhn?code=168050,https://ssl.pstatic.net/imgmovie/mdi/mit110/1680/168050_P19_100458.jpg,9.15
20182693,구스범스: 몬스터의 역습,https://movie.naver.com/movie/bi/mi/basic.nhn?code=172819,https://ssl.pstatic.net/imgmovie/mdi/mit110/1728/172819_P01_163303.jpg,7.50
20176814,신비한 동물들과 그린델왈드의 범죄,https://movie.naver.com/movie/bi/mi/basic.nhn?code=154255,https://ssl.pstatic.net/imgmovie/mdi/mit110/1542/154255_P24_095824.jpg,6.28
20183050,번 더 스테이지: 더 무비,https://movie.naver.com/movie/bi/mi/basic.nhn?code=176354,https://ssl.pstatic.net/imgmovie/mdi/mit110/1763/176354_P13_150227.jpg,9.36
20184481,성난황소,https://movie.naver.com/movie/bi/mi/basic.nhn?code=174835,https://ssl.pstatic.net/imgmovie/mdi/mit110/1748/174835_P26_105639.jpg,7.60
20182935,출국,https://movie.naver.com/movie/bi/mi/basic.nhn?code=179139,https://ssl.pstatic.net/imgmovie/mdi/mit110/1791/179139_P14_100455.jpg,8.79
20186822,너의 췌장을 먹고 싶어,https://movie.naver.com/movie/bi/mi/basic.nhn?code=175318,https://ssl.pstatic.net/imgmovie/mdi/mit110/1753/175318_P15_105507.jpg,8.31
20189869,해피 투게더,https://movie.naver.com/movie/bi/mi/basic.nhn?code=164147,https://ssl.pstatic.net/imgmovie/mdi/mit110/1641/164147_P46_165808.jpg,7.69
20183073,베일리 어게인,https://movie.naver.com/movie/bi/mi/basic.nhn?code=144906,https://ssl.pstatic.net/imgmovie/mdi/mit110/1449/144906_P15_103017.jpg,9.54
20182669,툴리,https://movie.naver.com/movie/bi/mi/basic.nhn?code=154653,https://ssl.pstatic.net/imgmovie/mdi/mit110/1546/154653_P12_102646.jpg,8.81
20177552,국가부도의 날,https://movie.naver.com/movie/bi/mi/basic.nhn?code=164192,https://ssl.pstatic.net/imgmovie/mdi/mit110/1641/164192_P45_134107.jpg,8.17
20181905,후드,https://movie.naver.com/movie/bi/mi/basic.nhn?code=144266,https://ssl.pstatic.net/imgmovie/mdi/mit110/1442/144266_P15_111933.jpg,7.15
20183007,거미줄에 걸린 소녀,https://movie.naver.com/movie/bi/mi/basic.nhn?code=161868,https://ssl.pstatic.net/imgmovie/mdi/mit110/1618/161868_P24_151256.jpg,8.53
20182966,투 프렌즈,https://movie.naver.com/movie/bi/mi/basic.nhn?code=179138,https://ssl.pstatic.net/imgmovie/mdi/mit110/1791/179138_P01_151818.jpg,4.52
20179230,도어락,https://movie.naver.com/movie/bi/mi/basic.nhn?code=171755,https://ssl.pstatic.net/imgmovie/mdi/mit110/1717/171755_P39_140011.jpg,6.26
20189843,호두까기 인형과 4개의 왕국,https://movie.naver.com/movie/bi/mi/basic.nhn?code=158622,https://ssl.pstatic.net/imgmovie/mdi/mit110/1586/158622_P18_142307.jpg,7.38
20178825,모털 엔진,https://movie.naver.com/movie/bi/mi/basic.nhn?code=156496,https://ssl.pstatic.net/imgmovie/mdi/mit110/1564/156496_P24_153246.jpg,6.39
20183745,런닝맨 : 풀룰루의 역습,https://movie.naver.com/movie/bi/mi/basic.nhn?code=180384,https://ssl.pstatic.net/imgmovie/mdi/mit110/1803/180384_P14_152246.jpg,7.75
20183238,스파이더맨: 뉴 유니버스,https://movie.naver.com/movie/bi/mi/basic.nhn?code=171725,https://ssl.pstatic.net/imgmovie/mdi/mit110/1717/171725_P18_175530.jpg,9.26
20182082,부탁 하나만 들어줘,https://movie.naver.com/movie/bi/mi/basic.nhn?code=171452,https://ssl.pstatic.net/imgmovie/mdi/mit110/1714/171452_P19_174244.jpg,7.85
20175547,스윙키즈,https://movie.naver.com/movie/bi/mi/basic.nhn?code=164101,https://ssl.pstatic.net/imgmovie/mdi/mit110/1641/164101_P62_155759.jpg,8.43
20180290,아쿠아맨,https://movie.naver.com/movie/bi/mi/basic.nhn?code=151153,https://ssl.pstatic.net/imgmovie/mdi/mit110/1511/151153_P19_095147.jpg,8.39
20168773,마약왕,https://movie.naver.com/movie/bi/mi/basic.nhn?code=157297,https://ssl.pstatic.net/imgmovie/mdi/mit110/1572/157297_P23_134212.jpg,6.51
20182421,그린치,https://movie.naver.com/movie/bi/mi/basic.nhn?code=150688,https://ssl.pstatic.net/imgmovie/mdi/mit110/1506/150688_P30_101919.jpg,8.36
20183479,극장판 짱구는 못말려: 아뵤! 쿵후 보이즈 ~라면 대란~,https://movie.naver.com/movie/bi/mi/basic.nhn?code=172975,https://ssl.pstatic.net/imgmovie/mdi/mit110/1729/172975_P10_141815.jpg,8.45
20183375,극장판 포켓몬스터 모두의 이야기,https://movie.naver.com/movie/bi/mi/basic.nhn?code=172187,https://ssl.pstatic.net/imgmovie/mdi/mit110/1721/172187_P19_110125.jpg,9.03
20186281,범블비,https://movie.naver.com/movie/bi/mi/basic.nhn?code=164139,https://ssl.pstatic.net/imgmovie/mdi/mit110/1641/164139_P12_153521.jpg,8.15
20170658,PMC: 더 벙커,https://movie.naver.com/movie/bi/mi/basic.nhn?code=166092,https://ssl.pstatic.net/imgmovie/mdi/mit110/1660/166092_P35_104446.jpg,5.32
20183785,점박이 한반도의 공룡2 : 새로운 낙원,https://movie.naver.com/movie/bi/mi/basic.nhn?code=180379,https://ssl.pstatic.net/imgmovie/mdi/mit110/1803/180379_P32_111508.jpg,9.17
20189463,주먹왕 랄프 2: 인터넷 속으로,https://movie.naver.com/movie/bi/mi/basic.nhn?code=152632,https://ssl.pstatic.net/imgmovie/mdi/mit110/1526/152632_P19_104759.jpg,8.76
20184187,언니,https://movie.naver.com/movie/bi/mi/basic.nhn?code=152344,https://ssl.pstatic.net/imgmovie/mdi/mit110/1523/152344_P75_112734.jpg,5.80
20184105,말모이,https://movie.naver.com/movie/bi/mi/basic.nhn?code=167699,https://ssl.pstatic.net/imgmovie/mdi/mit110/1676/167699_P40_175859.jpg,9.04
20176251,내안의 그놈,https://movie.naver.com/movie/bi/mi/basic.nhn?code=164172,https://ssl.pstatic.net/imgmovie/mdi/mit110/1641/164172_P26_152224.jpg,8.73
20183915,극장판 공룡메카드: 타이니소어의 섬,https://movie.naver.com/movie/bi/mi/basic.nhn?code=180372,https://ssl.pstatic.net/imgmovie/mdi/mit110/1803/180372_P16_101254.jpg,9.18
20184574,그린 북,https://movie.naver.com/movie/bi/mi/basic.nhn?code=171539,https://ssl.pstatic.net/imgmovie/mdi/mit110/1715/171539_P26_135622.jpg,9.67
